date,holiday_name,is_public_holiday
1900-01-01,Jour de l'an,1
1900-04-16,Lundi de Pâques,1
1900-05-24,Ascension,1
1900-06-04,Lundi de Pentecôte,1
1900-07-14,Fête nationale,1
1900-08-15,Assomption,1
1900-11-01,Toussaint,1
1900-12-25,Noël,1
1901-01-01,Jour de l'an,1
1901-04-08,Lundi de Pâques,1
1901-05-16,Ascension,1
1901-05-27,Lundi de Pentecôte,1
1901-07-14,Fête nationale,1
1901-08-15,Assomption,1
1901-11-01,Toussaint,1
1901-12-25,Noël,1
1902-01-01,Jour de l'an,1
1902-03-31,Lundi de Pâques,1
1902-05-08,Ascension,1
1902-05-19,Lundi de Pentecôte,1
1902-07-14,Fête nationale,1
1902-08-15,Assomption,1
1902-11-01,Toussaint,1
1902-12-25,Noël,1
1903-01-01,Jour de l'an,1
1903-04-13,Lundi de Pâques,1
1903-05-21,Ascension,1
1903-06-01,Lundi de Pentecôte,1
1903-07-14,Fête nationale,1
1903-08-15,Assomption,1
1903-11-01,Toussaint,1
1903-12-25,Noël,1
1904-01-01,Jour de l'an,1
1904-04-04,Lundi de Pâques,1
1904-05-12,Ascension,1
1904-05-23,Lundi de Pentecôte,1
1904-07-14,Fête nationale,1
1904-08-15,Assomption,1
1904-11-01,Toussaint,1
1904-12-25,Noël,1
1905-01-01,Jour de l'an,1
1905-04-24,Lundi de Pâques,1
1905-06-01,Ascension,1
1905-06-12,Lundi de Pentecôte,1
1905-07-14,Fête nationale,1
1905-08-15,Assomption,1
1905-11-01,Toussaint,1
1905-12-25,Noël,1
1906-01-01,Jour de l'an,1
1906-04-16,Lundi de Pâques,1
1906-05-24,Ascension,1
1906-06-04,Lundi de Pentecôte,1
1906-07-14,Fête nationale,1
1906-08-15,Assomption,1
1906-11-01,Toussaint,1
1906-12-25,Noël,1
1907-01-01,Jour de l'an,1
1907-04-01,Lundi de Pâques,1
1907-05-09,Ascension,1
1907-05-20,Lundi de Pentecôte,1
1907-07-14,Fête nationale,1
1907-08-15,Assomption,1
1907-11-01,Toussaint,1
1907-12-25,Noël,1
1908-01-01,Jour de l'an,1
1908-04-20,Lundi de Pâques,1
1908-05-28,Ascension,1
1908-06-08,Lundi de Pentecôte,1
1908-07-14,Fête nationale,1
1908-08-15,Assomption,1
1908-11-01,Toussaint,1
1908-12-25,Noël,1
1909-01-01,Jour de l'an,1
1909-04-12,Lundi de Pâques,1
1909-05-20,Ascension,1
1909-05-31,Lundi de Pentecôte,1
1909-07-14,Fête nationale,1
1909-08-15,Assomption,1
1909-11-01,Toussaint,1
1909-12-25,Noël,1
1910-01-01,Jour de l'an,1
1910-03-28,Lundi de Pâques,1
1910-05-05,Ascension,1
1910-05-16,Lundi de Pentecôte,1
1910-07-14,Fête nationale,1
1910-08-15,Assomption,1
1910-11-01,Toussaint,1
1910-12-25,Noël,1
1911-01-01,Jour de l'an,1
1911-04-17,Lundi de Pâques,1
1911-05-25,Ascension,1
1911-06-05,Lundi de Pentecôte,1
1911-07-14,Fête nationale,1
1911-08-15,Assomption,1
1911-11-01,Toussaint,1
1911-12-25,Noël,1
1912-01-01,Jour de l'an,1
1912-04-08,Lundi de Pâques,1
1912-05-16,Ascension,1
1912-05-27,Lundi de Pentecôte,1
1912-07-14,Fête nationale,1
1912-08-15,Assomption,1
1912-11-01,Toussaint,1
1912-12-25,Noël,1
1913-01-01,Jour de l'an,1
1913-03-24,Lundi de Pâques,1
1913-05-01,Ascension,1
1913-05-12,Lundi de Pentecôte,1
1913-07-14,Fête nationale,1
1913-08-15,Assomption,1
1913-11-01,Toussaint,1
1913-12-25,Noël,1
1914-01-01,Jour de l'an,1
1914-04-13,Lundi de Pâques,1
1914-05-21,Ascension,1
1914-06-01,Lundi de Pentecôte,1
1914-07-14,Fête nationale,1
1914-08-15,Assomption,1
1914-11-01,Toussaint,1
1914-12-25,Noël,1
1915-01-01,Jour de l'an,1
1915-04-05,Lundi de Pâques,1
1915-05-13,Ascension,1
1915-05-24,Lundi de Pentecôte,1
1915-07-14,Fête nationale,1
1915-08-15,Assomption,1
1915-11-01,Toussaint,1
1915-12-25,Noël,1
1916-01-01,Jour de l'an,1
1916-04-24,Lundi de Pâques,1
1916-06-01,Ascension,1
1916-06-12,Lundi de Pentecôte,1
1916-07-14,Fête nationale,1
1916-08-15,Assomption,1
1916-11-01,Toussaint,1
1916-12-25,Noël,1
1917-01-01,Jour de l'an,1
1917-04-09,Lundi de Pâques,1
1917-05-17,Ascension,1
1917-05-28,Lundi de Pentecôte,1
1917-07-14,Fête nationale,1
1917-08-15,Assomption,1
1917-11-01,Toussaint,1
1917-12-25,Noël,1
1918-01-01,Jour de l'an,1
1918-04-01,Lundi de Pâques,1
1918-05-09,Ascension,1
1918-05-20,Lundi de Pentecôte,1
1918-07-14,Fête nationale,1
1918-08-15,Assomption,1
1918-11-01,Toussaint,1
1918-12-25,Noël,1
1919-01-01,Jour de l'an,1
1919-04-21,Lundi de Pâques,1
1919-05-01,1er mai,1
1919-05-29,Ascension,1
1919-06-09,Lundi de Pentecôte,1
1919-07-14,Fête nationale,1
1919-08-15,Assomption,1
1919-11-01,Toussaint,1
1919-12-25,Noël,1
1920-01-01,Jour de l'an,1
1920-04-05,Lundi de Pâques,1
1920-05-01,1er mai,1
1920-05-13,Ascension,1
1920-05-24,Lundi de Pentecôte,1
1920-07-14,Fête nationale,1
1920-08-15,Assomption,1
1920-11-01,Toussaint,1
1920-12-25,Noël,1
1921-01-01,Jour de l'an,1
1921-03-28,Lundi de Pâques,1
1921-05-01,1er mai,1
1921-05-05,Ascension,1
1921-05-16,Lundi de Pentecôte,1
1921-07-14,Fête nationale,1
1921-08-15,Assomption,1
1921-11-01,Toussaint,1
1921-12-25,Noël,1
1922-01-01,Jour de l'an,1
1922-04-17,Lundi de Pâques,1
1922-05-01,1er mai,1
1922-05-25,Ascension,1
1922-06-05,Lundi de Pentecôte,1
1922-07-14,Fête nationale,1
1922-08-15,Assomption,1
1922-11-01,Toussaint,1
1922-11-11,Armistice,1
1922-12-25,Noël,1
1923-01-01,Jour de l'an,1
1923-04-02,Lundi de Pâques,1
1923-05-01,1er mai,1
1923-05-10,Ascension,1
1923-05-21,Lundi de Pentecôte,1
1923-07-14,Fête nationale,1
1923-08-15,Assomption,1
1923-11-01,Toussaint,1
1923-11-11,Armistice,1
1923-12-25,Noël,1
1924-01-01,Jour de l'an,1
1924-04-21,Lundi de Pâques,1
1924-05-01,1er mai,1
1924-05-29,Ascension,1
1924-06-09,Lundi de Pentecôte,1
1924-07-14,Fête nationale,1
1924-08-15,Assomption,1
1924-11-01,Toussaint,1
1924-11-11,Armistice,1
1924-12-25,Noël,1
1925-01-01,Jour de l'an,1
1925-04-13,Lundi de Pâques,1
1925-05-01,1er mai,1
1925-05-21,Ascension,1
1925-06-01,Lundi de Pentecôte,1
1925-07-14,Fête nationale,1
1925-08-15,Assomption,1
1925-11-01,Toussaint,1
1925-11-11,Armistice,1
1925-12-25,Noël,1
1926-01-01,Jour de l'an,1
1926-04-05,Lundi de Pâques,1
1926-05-01,1er mai,1
1926-05-13,Ascension,1
1926-05-24,Lundi de Pentecôte,1
1926-07-14,Fête nationale,1
1926-08-15,Assomption,1
1926-11-01,Toussaint,1
1926-11-11,Armistice,1
1926-12-25,Noël,1
1927-01-01,Jour de l'an,1
1927-04-18,Lundi de Pâques,1
1927-05-01,1er mai,1
1927-05-26,Ascension,1
1927-06-06,Lundi de Pentecôte,1
1927-07-14,Fête nationale,1
1927-08-15,Assomption,1
1927-11-01,Toussaint,1
1927-11-11,Armistice,1
1927-12-25,Noël,1
1928-01-01,Jour de l'an,1
1928-04-09,Lundi de Pâques,1
1928-05-01,1er mai,1
1928-05-17,Ascension,1
1928-05-28,Lundi de Pentecôte,1
1928-07-14,Fête nationale,1
1928-08-15,Assomption,1
1928-11-01,Toussaint,1
1928-11-11,Armistice,1
1928-12-25,Noël,1
1929-01-01,Jour de l'an,1
1929-04-01,Lundi de Pâques,1
1929-05-01,1er mai,1
1929-05-09,Ascension,1
1929-05-20,Lundi de Pentecôte,1
1929-07-14,Fête nationale,1
1929-08-15,Assomption,1
1929-11-01,Toussaint,1
1929-11-11,Armistice,1
1929-12-25,Noël,1
1930-01-01,Jour de l'an,1
1930-04-21,Lundi de Pâques,1
1930-05-01,1er mai,1
1930-05-29,Ascension,1
1930-06-09,Lundi de Pentecôte,1
1930-07-14,Fête nationale,1
1930-08-15,Assomption,1
1930-11-01,Toussaint,1
1930-11-11,Armistice,1
1930-12-25,Noël,1
1931-01-01,Jour de l'an,1
1931-04-06,Lundi de Pâques,1
1931-05-01,1er mai,1
1931-05-14,Ascension,1
1931-05-25,Lundi de Pentecôte,1
1931-07-14,Fête nationale,1
1931-08-15,Assomption,1
1931-11-01,Toussaint,1
1931-11-11,Armistice,1
1931-12-25,Noël,1
1932-01-01,Jour de l'an,1
1932-03-28,Lundi de Pâques,1
1932-05-01,1er mai,1
1932-05-05,Ascension,1
1932-05-16,Lundi de Pentecôte,1
1932-07-14,Fête nationale,1
1932-08-15,Assomption,1
1932-11-01,Toussaint,1
1932-11-11,Armistice,1
1932-12-25,Noël,1
1933-01-01,Jour de l'an,1
1933-04-17,Lundi de Pâques,1
1933-05-01,1er mai,1
1933-05-25,Ascension,1
1933-06-05,Lundi de Pentecôte,1
1933-07-14,Fête nationale,1
1933-08-15,Assomption,1
1933-11-01,Toussaint,1
1933-11-11,Armistice,1
1933-12-25,Noël,1
1934-01-01,Jour de l'an,1
1934-04-02,Lundi de Pâques,1
1934-05-01,1er mai,1
1934-05-10,Ascension,1
1934-05-21,Lundi de Pentecôte,1
1934-07-14,Fête nationale,1
1934-08-15,Assomption,1
1934-11-01,Toussaint,1
1934-11-11,Armistice,1
1934-12-25,Noël,1
1935-01-01,Jour de l'an,1
1935-04-22,Lundi de Pâques,1
1935-05-01,1er mai,1
1935-05-30,Ascension,1
1935-06-10,Lundi de Pentecôte,1
1935-07-14,Fête nationale,1
1935-08-15,Assomption,1
1935-11-01,Toussaint,1
1935-11-11,Armistice,1
1935-12-25,Noël,1
1936-01-01,Jour de l'an,1
1936-04-13,Lundi de Pâques,1
1936-05-01,1er mai,1
1936-05-21,Ascension,1
1936-06-01,Lundi de Pentecôte,1
1936-07-14,Fête nationale,1
1936-08-15,Assomption,1
1936-11-01,Toussaint,1
1936-11-11,Armistice,1
1936-12-25,Noël,1
1937-01-01,Jour de l'an,1
1937-03-29,Lundi de Pâques,1
1937-05-01,1er mai,1
1937-05-06,Ascension,1
1937-05-17,Lundi de Pentecôte,1
1937-07-14,Fête nationale,1
1937-08-15,Assomption,1
1937-11-01,Toussaint,1
1937-11-11,Armistice,1
1937-12-25,Noël,1
1938-01-01,Jour de l'an,1
1938-04-18,Lundi de Pâques,1
1938-05-01,1er mai,1
1938-05-26,Ascension,1
1938-06-06,Lundi de Pentecôte,1
1938-07-14,Fête nationale,1
1938-08-15,Assomption,1
1938-11-01,Toussaint,1
1938-11-11,Armistice,1
1938-12-25,Noël,1
1939-01-01,Jour de l'an,1
1939-04-10,Lundi de Pâques,1
1939-05-01,1er mai,1
1939-05-18,Ascension,1
1939-05-29,Lundi de Pentecôte,1
1939-07-14,Fête nationale,1
1939-08-15,Assomption,1
1939-11-01,Toussaint,1
1939-11-11,Armistice,1
1939-12-25,Noël,1
1940-01-01,Jour de l'an,1
1940-03-25,Lundi de Pâques,1
1940-05-01,1er mai,1
1940-05-02,Ascension,1
1940-05-13,Lundi de Pentecôte,1
1940-07-14,Fête nationale,1
1940-08-15,Assomption,1
1940-11-01,Toussaint,1
1940-11-11,Armistice,1
1940-12-25,Noël,1
1941-01-01,Jour de l'an,1
1941-04-14,Lundi de Pâques,1
1941-05-01,Fête du Travail et de la Concorde sociale,1
1941-05-22,Ascension,1
1941-06-02,Lundi de Pentecôte,1
1941-07-14,Fête nationale,1
1941-08-15,Assomption,1
1941-11-01,Toussaint,1
1941-11-11,Armistice,1
1941-12-25,Noël,1
1942-01-01,Jour de l'an,1
1942-04-06,Lundi de Pâques,1
1942-05-01,Fête du Travail et de la Concorde sociale,1
1942-05-14,Ascension,1
1942-05-25,Lundi de Pentecôte,1
1942-07-14,Fête nationale,1
1942-08-15,Assomption,1
1942-11-01,Toussaint,1
1942-11-11,Armistice,1
1942-12-25,Noël,1
1943-01-01,Jour de l'an,1
1943-04-26,Lundi de Pâques,1
1943-05-01,Fête du Travail et de la Concorde sociale,1
1943-06-03,Ascension,1
1943-06-14,Lundi de Pentecôte,1
1943-07-14,Fête nationale,1
1943-08-15,Assomption,1
1943-11-01,Toussaint,1
1943-11-11,Armistice,1
1943-12-25,Noël,1
1944-01-01,Jour de l'an,1
1944-04-10,Lundi de Pâques,1
1944-05-01,Fête du Travail et de la Concorde sociale,1
1944-05-18,Ascension,1
1944-05-29,Lundi de Pentecôte,1
1944-07-14,Fête nationale,1
1944-08-15,Assomption,1
1944-11-01,Toussaint,1
1944-11-11,Armistice,1
1944-12-25,Noël,1
1945-01-01,Jour de l'an,1
1945-04-02,Lundi de Pâques,1
1945-05-01,Fête du Travail et de la Concorde sociale,1
1945-05-10,Ascension,1
1945-05-21,Lundi de Pentecôte,1
1945-07-14,Fête nationale,1
1945-08-15,Assomption,1
1945-11-01,Toussaint,1
1945-11-11,Armistice,1
1945-12-25,Noël,1
1946-01-01,Jour de l'an,1
1946-04-22,Lundi de Pâques,1
1946-05-01,1er mai,1
1946-05-30,Ascension,1
1946-06-10,Lundi de Pentecôte,1
1946-07-14,Fête nationale,1
1946-08-15,Assomption,1
1946-11-01,Toussaint,1
1946-11-11,Armistice,1
1946-12-25,Noël,1
1947-01-01,Jour de l'an,1
1947-04-07,Lundi de Pâques,1
1947-05-01,1er mai,1
1947-05-15,Ascension,1
1947-05-26,Lundi de Pentecôte,1
1947-07-14,Fête nationale,1
1947-08-15,Assomption,1
1947-11-01,Toussaint,1
1947-11-11,Armistice,1
1947-12-25,Noël,1
1948-01-01,Jour de l'an,1
1948-03-29,Lundi de Pâques,1
1948-05-01,Fête du Travail,1
1948-05-06,Ascension,1
1948-05-17,Lundi de Pentecôte,1
1948-07-14,Fête nationale,1
1948-08-15,Assomption,1
1948-11-01,Toussaint,1
1948-11-11,Armistice,1
1948-12-25,Noël,1
1949-01-01,Jour de l'an,1
1949-04-18,Lundi de Pâques,1
1949-05-01,Fête du Travail,1
1949-05-26,Ascension,1
1949-06-06,Lundi de Pentecôte,1
1949-07-14,Fête nationale,1
1949-08-15,Assomption,1
1949-11-01,Toussaint,1
1949-11-11,Armistice,1
1949-12-25,Noël,1
1950-01-01,Jour de l'an,1
1950-04-10,Lundi de Pâques,1
1950-05-01,Fête du Travail,1
1950-05-18,Ascension,1
1950-05-29,Lundi de Pentecôte,1
1950-07-14,Fête nationale,1
1950-08-15,Assomption,1
1950-11-01,Toussaint,1
1950-11-11,Armistice,1
1950-12-25,Noël,1
1951-01-01,Jour de l'an,1
1951-03-26,Lundi de Pâques,1
1951-05-01,Fête du Travail,1
1951-05-03,Ascension,1
1951-05-14,Lundi de Pentecôte,1
1951-07-14,Fête nationale,1
1951-08-15,Assomption,1
1951-11-01,Toussaint,1
1951-11-11,Armistice,1
1951-12-25,Noël,1
1952-01-01,Jour de l'an,1
1952-04-14,Lundi de Pâques,1
1952-05-01,Fête du Travail,1
1952-05-22,Ascension,1
1952-06-02,Lundi de Pentecôte,1
1952-07-14,Fête nationale,1
1952-08-15,Assomption,1
1952-11-01,Toussaint,1
1952-11-11,Armistice,1
1952-12-25,Noël,1
1953-01-01,Jour de l'an,1
1953-04-06,Lundi de Pâques,1
1953-05-01,Fête du Travail,1
1953-05-08,Fête de la Victoire,1
1953-05-14,Ascension,1
1953-05-25,Lundi de Pentecôte,1
1953-07-14,Fête nationale,1
1953-08-15,Assomption,1
1953-11-01,Toussaint,1
1953-11-11,Armistice,1
1953-12-25,Noël,1
1954-01-01,Jour de l'an,1
1954-04-19,Lundi de Pâques,1
1954-05-01,Fête du Travail,1
1954-05-08,Fête de la Victoire,1
1954-05-27,Ascension,1
1954-06-07,Lundi de Pentecôte,1
1954-07-14,Fête nationale,1
1954-08-15,Assomption,1
1954-11-01,Toussaint,1
1954-11-11,Armistice,1
1954-12-25,Noël,1
1955-01-01,Jour de l'an,1
1955-04-11,Lundi de Pâques,1
1955-05-01,Fête du Travail,1
1955-05-08,Fête de la Victoire,1
1955-05-19,Ascension,1
1955-05-30,Lundi de Pentecôte,1
1955-07-14,Fête nationale,1
1955-08-15,Assomption,1
1955-11-01,Toussaint,1
1955-11-11,Armistice,1
1955-12-25,Noël,1
1956-01-01,Jour de l'an,1
1956-04-02,Lundi de Pâques,1
1956-05-01,Fête du Travail,1
1956-05-08,Fête de la Victoire,1
1956-05-10,Ascension,1
1956-05-21,Lundi de Pentecôte,1
1956-07-14,Fête nationale,1
1956-08-15,Assomption,1
1956-11-01,Toussaint,1
1956-11-11,Armistice,1
1956-12-25,Noël,1
1957-01-01,Jour de l'an,1
1957-04-22,Lundi de Pâques,1
1957-05-01,Fête du Travail,1
1957-05-08,Fête de la Victoire,1
1957-05-30,Ascension,1
1957-06-10,Lundi de Pentecôte,1
1957-07-14,Fête nationale,1
1957-08-15,Assomption,1
1957-11-01,Toussaint,1
1957-11-11,Armistice,1
1957-12-25,Noël,1
1958-01-01,Jour de l'an,1
1958-04-07,Lundi de Pâques,1
1958-05-01,Fête du Travail,1
1958-05-08,Fête de la Victoire,1
1958-05-15,Ascension,1
1958-05-26,Lundi de Pentecôte,1
1958-07-14,Fête nationale,1
1958-08-15,Assomption,1
1958-11-01,Toussaint,1
1958-11-11,Armistice,1
1958-12-25,Noël,1
1959-01-01,Jour de l'an,1
1959-03-30,Lundi de Pâques,1
1959-05-01,Fête du Travail,1
1959-05-07,Ascension,1
1959-05-08,Fête de la Victoire,1
1959-05-18,Lundi de Pentecôte,1
1959-07-14,Fête nationale,1
1959-08-15,Assomption,1
1959-11-01,Toussaint,1
1959-11-11,Armistice,1
1959-12-25,Noël,1
1960-01-01,Jour de l'an,1
1960-04-18,Lundi de Pâques,1
1960-05-01,Fête du Travail,1
1960-05-26,Ascension,1
1960-06-06,Lundi de Pentecôte,1
1960-07-14,Fête nationale,1
1960-08-15,Assomption,1
1960-11-01,Toussaint,1
1960-11-11,Armistice,1
1960-12-25,Noël,1
1961-01-01,Jour de l'an,1
1961-04-03,Lundi de Pâques,1
1961-05-01,Fête du Travail,1
1961-05-11,Ascension,1
1961-05-22,Lundi de Pentecôte,1
1961-07-14,Fête nationale,1
1961-08-15,Assomption,1
1961-11-01,Toussaint,1
1961-11-11,Armistice,1
1961-12-25,Noël,1
1962-01-01,Jour de l'an,1
1962-04-23,Lundi de Pâques,1
1962-05-01,Fête du Travail,1
1962-05-31,Ascension,1
1962-06-11,Lundi de Pentecôte,1
1962-07-14,Fête nationale,1
1962-08-15,Assomption,1
1962-11-01,Toussaint,1
1962-11-11,Armistice,1
1962-12-25,Noël,1
1963-01-01,Jour de l'an,1
1963-04-15,Lundi de Pâques,1
1963-05-01,Fête du Travail,1
1963-05-23,Ascension,1
1963-06-03,Lundi de Pentecôte,1
1963-07-14,Fête nationale,1
1963-08-15,Assomption,1
1963-11-01,Toussaint,1
1963-11-11,Armistice,1
1963-12-25,Noël,1
1964-01-01,Jour de l'an,1
1964-03-30,Lundi de Pâques,1
1964-05-01,Fête du Travail,1
1964-05-07,Ascension,1
1964-05-18,Lundi de Pentecôte,1
1964-07-14,Fête nationale,1
1964-08-15,Assomption,1
1964-11-01,Toussaint,1
1964-11-11,Armistice,1
1964-12-25,Noël,1
1965-01-01,Jour de l'an,1
1965-04-19,Lundi de Pâques,1
1965-05-01,Fête du Travail,1
1965-05-27,Ascension,1
1965-06-07,Lundi de Pentecôte,1
1965-07-14,Fête nationale,1
1965-08-15,Assomption,1
1965-11-01,Toussaint,1
1965-11-11,Armistice,1
1965-12-25,Noël,1
1966-01-01,Jour de l'an,1
1966-04-11,Lundi de Pâques,1
1966-05-01,Fête du Travail,1
1966-05-19,Ascension,1
1966-05-30,Lundi de Pentecôte,1
1966-07-14,Fête nationale,1
1966-08-15,Assomption,1
1966-11-01,Toussaint,1
1966-11-11,Armistice,1
1966-12-25,Noël,1
1967-01-01,Jour de l'an,1
1967-03-27,Lundi de Pâques,1
1967-05-01,Fête du Travail,1
1967-05-04,Ascension,1
1967-05-15,Lundi de Pentecôte,1
1967-07-14,Fête nationale,1
1967-08-15,Assomption,1
1967-11-01,Toussaint,1
1967-11-11,Armistice,1
1967-12-25,Noël,1
1968-01-01,Jour de l'an,1
1968-04-15,Lundi de Pâques,1
1968-05-01,Fête du Travail,1
1968-05-23,Ascension,1
1968-06-03,Lundi de Pentecôte,1
1968-07-14,Fête nationale,1
1968-08-15,Assomption,1
1968-11-01,Toussaint,1
1968-11-11,Armistice,1
1968-12-25,Noël,1
1969-01-01,Jour de l'an,1
1969-04-07,Lundi de Pâques,1
1969-05-01,Fête du Travail,1
1969-05-15,Ascension,1
1969-05-26,Lundi de Pentecôte,1
1969-07-14,Fête nationale,1
1969-08-15,Assomption,1
1969-11-01,Toussaint,1
1969-11-11,Armistice,1
1969-12-25,Noël,1
1970-01-01,Jour de l'an,1
1970-03-30,Lundi de Pâques,1
1970-05-01,Fête du Travail,1
1970-05-07,Ascension,1
1970-05-18,Lundi de Pentecôte,1
1970-07-14,Fête nationale,1
1970-08-15,Assomption,1
1970-11-01,Toussaint,1
1970-11-11,Armistice,1
1970-12-25,Noël,1
1971-01-01,Jour de l'an,1
1971-04-12,Lundi de Pâques,1
1971-05-01,Fête du Travail,1
1971-05-20,Ascension,1
1971-05-31,Lundi de Pentecôte,1
1971-07-14,Fête nationale,1
1971-08-15,Assomption,1
1971-11-01,Toussaint,1
1971-11-11,Armistice,1
1971-12-25,Noël,1
1972-01-01,Jour de l'an,1
1972-04-03,Lundi de Pâques,1
1972-05-01,Fête du Travail,1
1972-05-11,Ascension,1
1972-05-22,Lundi de Pentecôte,1
1972-07-14,Fête nationale,1
1972-08-15,Assomption,1
1972-11-01,Toussaint,1
1972-11-11,Armistice,1
1972-12-25,Noël,1
1973-01-01,Jour de l'an,1
1973-04-23,Lundi de Pâques,1
1973-05-01,Fête du Travail,1
1973-05-31,Ascension,1
1973-06-11,Lundi de Pentecôte,1
1973-07-14,Fête nationale,1
1973-08-15,Assomption,1
1973-11-01,Toussaint,1
1973-11-11,Armistice,1
1973-12-25,Noël,1
1974-01-01,Jour de l'an,1
1974-04-15,Lundi de Pâques,1
1974-05-01,Fête du Travail,1
1974-05-23,Ascension,1
1974-06-03,Lundi de Pentecôte,1
1974-07-14,Fête nationale,1
1974-08-15,Assomption,1
1974-11-01,Toussaint,1
1974-11-11,Armistice,1
1974-12-25,Noël,1
1975-01-01,Jour de l'an,1
1975-03-31,Lundi de Pâques,1
1975-05-01,Fête du Travail,1
1975-05-08,Ascension,1
1975-05-19,Lundi de Pentecôte,1
1975-07-14,Fête nationale,1
1975-08-15,Assomption,1
1975-11-01,Toussaint,1
1975-11-11,Armistice,1
1975-12-25,Noël,1
1976-01-01,Jour de l'an,1
1976-04-19,Lundi de Pâques,1
1976-05-01,Fête du Travail,1
1976-05-27,Ascension,1
1976-06-07,Lundi de Pentecôte,1
1976-07-14,Fête nationale,1
1976-08-15,Assomption,1
1976-11-01,Toussaint,1
1976-11-11,Armistice,1
1976-12-25,Noël,1
1977-01-01,Jour de l'an,1
1977-04-11,Lundi de Pâques,1
1977-05-01,Fête du Travail,1
1977-05-19,Ascension,1
1977-05-30,Lundi de Pentecôte,1
1977-07-14,Fête nationale,1
1977-08-15,Assomption,1
1977-11-01,Toussaint,1
1977-11-11,Armistice,1
1977-12-25,Noël,1
1978-01-01,Jour de l'an,1
1978-03-27,Lundi de Pâques,1
1978-05-01,Fête du Travail,1
1978-05-04,Ascension,1
1978-05-15,Lundi de Pentecôte,1
1978-07-14,Fête nationale,1
1978-08-15,Assomption,1
1978-11-01,Toussaint,1
1978-11-11,Armistice,1
1978-12-25,Noël,1
1979-01-01,Jour de l'an,1
1979-04-16,Lundi de Pâques,1
1979-05-01,Fête du Travail,1
1979-05-24,Ascension,1
1979-06-04,Lundi de Pentecôte,1
1979-07-14,Fête nationale,1
1979-08-15,Assomption,1
1979-11-01,Toussaint,1
1979-11-11,Armistice,1
1979-12-25,Noël,1
1980-01-01,Jour de l'an,1
1980-04-07,Lundi de Pâques,1
1980-05-01,Fête du Travail,1
1980-05-15,Ascension,1
1980-05-26,Lundi de Pentecôte,1
1980-07-14,Fête nationale,1
1980-08-15,Assomption,1
1980-11-01,Toussaint,1
1980-11-11,Armistice,1
1980-12-25,Noël,1
1981-01-01,Jour de l'an,1
1981-04-20,Lundi de Pâques,1
1981-05-01,Fête du Travail,1
1981-05-28,Ascension,1
1981-06-08,Lundi de Pentecôte,1
1981-07-14,Fête nationale,1
1981-08-15,Assomption,1
1981-11-01,Toussaint,1
1981-11-11,Armistice,1
1981-12-25,Noël,1
1982-01-01,Jour de l'an,1
1982-04-12,Lundi de Pâques,1
1982-05-01,Fête du Travail,1
1982-05-08,Fête de la Victoire,1
1982-05-20,Ascension,1
1982-05-31,Lundi de Pentecôte,1
1982-07-14,Fête nationale,1
1982-08-15,Assomption,1
1982-11-01,Toussaint,1
1982-11-11,Armistice,1
1982-12-25,Noël,1
1983-01-01,Jour de l'an,1
1983-04-04,Lundi de Pâques,1
1983-05-01,Fête du Travail,1
1983-05-08,Fête de la Victoire,1
1983-05-12,Ascension,1
1983-05-23,Lundi de Pentecôte,1
1983-07-14,Fête nationale,1
1983-08-15,Assomption,1
1983-11-01,Toussaint,1
1983-11-11,Armistice,1
1983-12-25,Noël,1
1984-01-01,Jour de l'an,1
1984-04-23,Lundi de Pâques,1
1984-05-01,Fête du Travail,1
1984-05-08,Fête de la Victoire,1
1984-05-31,Ascension,1
1984-06-11,Lundi de Pentecôte,1
1984-07-14,Fête nationale,1
1984-08-15,Assomption,1
1984-11-01,Toussaint,1
1984-11-11,Armistice,1
1984-12-25,Noël,1
1985-01-01,Jour de l'an,1
1985-04-08,Lundi de Pâques,1
1985-05-01,Fête du Travail,1
1985-05-08,Fête de la Victoire,1
1985-05-16,Ascension,1
1985-05-27,Lundi de Pentecôte,1
1985-07-14,Fête nationale,1
1985-08-15,Assomption,1
1985-11-01,Toussaint,1
1985-11-11,Armistice,1
1985-12-25,Noël,1
1986-01-01,Jour de l'an,1
1986-03-31,Lundi de Pâques,1
1986-05-01,Fête du Travail,1
1986-05-08,Ascension; Fête de la Victoire,1
1986-05-19,Lundi de Pentecôte,1
1986-07-14,Fête nationale,1
1986-08-15,Assomption,1
1986-11-01,Toussaint,1
1986-11-11,Armistice,1
1986-12-25,Noël,1
1987-01-01,Jour de l'an,1
1987-04-20,Lundi de Pâques,1
1987-05-01,Fête du Travail,1
1987-05-08,Fête de la Victoire,1
1987-05-28,Ascension,1
1987-06-08,Lundi de Pentecôte,1
1987-07-14,Fête nationale,1
1987-08-15,Assomption,1
1987-11-01,Toussaint,1
1987-11-11,Armistice,1
1987-12-25,Noël,1
1988-01-01,Jour de l'an,1
1988-04-04,Lundi de Pâques,1
1988-05-01,Fête du Travail,1
1988-05-08,Fête de la Victoire,1
1988-05-12,Ascension,1
1988-05-23,Lundi de Pentecôte,1
1988-07-14,Fête nationale,1
1988-08-15,Assomption,1
1988-11-01,Toussaint,1
1988-11-11,Armistice,1
1988-12-25,Noël,1
1989-01-01,Jour de l'an,1
1989-03-27,Lundi de Pâques,1
1989-05-01,Fête du Travail,1
1989-05-04,Ascension,1
1989-05-08,Fête de la Victoire,1
1989-05-15,Lundi de Pentecôte,1
1989-07-14,Fête nationale,1
1989-08-15,Assomption,1
1989-11-01,Toussaint,1
1989-11-11,Armistice,1
1989-12-25,Noël,1
1990-01-01,Jour de l'an,1
1990-04-16,Lundi de Pâques,1
1990-05-01,Fête du Travail,1
1990-05-08,Fête de la Victoire,1
1990-05-24,Ascension,1
1990-06-04,Lundi de Pentecôte,1
1990-07-14,Fête nationale,1
1990-08-15,Assomption,1
1990-11-01,Toussaint,1
1990-11-11,Armistice,1
1990-12-25,Noël,1
1991-01-01,Jour de l'an,1
1991-04-01,Lundi de Pâques,1
1991-05-01,Fête du Travail,1
1991-05-08,Fête de la Victoire,1
1991-05-09,Ascension,1
1991-05-20,Lundi de Pentecôte,1
1991-07-14,Fête nationale,1
1991-08-15,Assomption,1
1991-11-01,Toussaint,1
1991-11-11,Armistice,1
1991-12-25,Noël,1
1992-01-01,Jour de l'an,1
1992-04-20,Lundi de Pâques,1
1992-05-01,Fête du Travail,1
1992-05-08,Fête de la Victoire,1
1992-05-28,Ascension,1
1992-06-08,Lundi de Pentecôte,1
1992-07-14,Fête nationale,1
1992-08-15,Assomption,1
1992-11-01,Toussaint,1
1992-11-11,Armistice,1
1992-12-25,Noël,1
1993-01-01,Jour de l'an,1
1993-04-12,Lundi de Pâques,1
1993-05-01,Fête du Travail,1
1993-05-08,Fête de la Victoire,1
1993-05-20,Ascension,1
1993-05-31,Lundi de Pentecôte,1
1993-07-14,Fête nationale,1
1993-08-15,Assomption,1
1993-11-01,Toussaint,1
1993-11-11,Armistice,1
1993-12-25,Noël,1
1994-01-01,Jour de l'an,1
1994-04-04,Lundi de Pâques,1
1994-05-01,Fête du Travail,1
1994-05-08,Fête de la Victoire,1
1994-05-12,Ascension,1
1994-05-23,Lundi de Pentecôte,1
1994-07-14,Fête nationale,1
1994-08-15,Assomption,1
1994-11-01,Toussaint,1
1994-11-11,Armistice,1
1994-12-25,Noël,1
1995-01-01,Jour de l'an,1
1995-04-17,Lundi de Pâques,1
1995-05-01,Fête du Travail,1
1995-05-08,Fête de la Victoire,1
1995-05-25,Ascension,1
1995-06-05,Lundi de Pentecôte,1
1995-07-14,Fête nationale,1
1995-08-15,Assomption,1
1995-11-01,Toussaint,1
1995-11-11,Armistice,1
1995-12-25,Noël,1
1996-01-01,Jour de l'an,1
1996-04-08,Lundi de Pâques,1
1996-05-01,Fête du Travail,1
1996-05-08,Fête de la Victoire,1
1996-05-16,Ascension,1
1996-05-27,Lundi de Pentecôte,1
1996-07-14,Fête nationale,1
1996-08-15,Assomption,1
1996-11-01,Toussaint,1
1996-11-11,Armistice,1
1996-12-25,Noël,1
1997-01-01,Jour de l'an,1
1997-03-31,Lundi de Pâques,1
1997-05-01,Fête du Travail,1
1997-05-08,Ascension; Fête de la Victoire,1
1997-05-19,Lundi de Pentecôte,1
1997-07-14,Fête nationale,1
1997-08-15,Assomption,1
1997-11-01,Toussaint,1
1997-11-11,Armistice,1
1997-12-25,Noël,1
1998-01-01,Jour de l'an,1
1998-04-13,Lundi de Pâques,1
1998-05-01,Fête du Travail,1
1998-05-08,Fête de la Victoire,1
1998-05-21,Ascension,1
1998-06-01,Lundi de Pentecôte,1
1998-07-14,Fête nationale,1
1998-08-15,Assomption,1
1998-11-01,Toussaint,1
1998-11-11,Armistice,1
1998-12-25,Noël,1
1999-01-01,Jour de l'an,1
1999-04-05,Lundi de Pâques,1
1999-05-01,Fête du Travail,1
1999-05-08,Fête de la Victoire,1
1999-05-13,Ascension,1
1999-05-24,Lundi de Pentecôte,1
1999-07-14,Fête nationale,1
1999-08-15,Assomption,1
1999-11-01,Toussaint,1
1999-11-11,Armistice,1
1999-12-25,Noël,1
2000-01-01,Jour de l'an,1
2000-04-24,Lundi de Pâques,1
2000-05-01,Fête du Travail,1
2000-05-08,Fête de la Victoire,1
2000-06-01,Ascension,1
2000-06-12,Lundi de Pentecôte,1
2000-07-14,Fête nationale,1
2000-08-15,Assomption,1
2000-11-01,Toussaint,1
2000-11-11,Armistice,1
2000-12-25,Noël,1
2001-01-01,Jour de l'an,1
2001-04-16,Lundi de Pâques,1
2001-05-01,Fête du Travail,1
2001-05-08,Fête de la Victoire,1
2001-05-24,Ascension,1
2001-06-04,Lundi de Pentecôte,1
2001-07-14,Fête nationale,1
2001-08-15,Assomption,1
2001-11-01,Toussaint,1
2001-11-11,Armistice,1
2001-12-25,Noël,1
2002-01-01,Jour de l'an,1
2002-04-01,Lundi de Pâques,1
2002-05-01,Fête du Travail,1
2002-05-08,Fête de la Victoire,1
2002-05-09,Ascension,1
2002-05-20,Lundi de Pentecôte,1
2002-07-14,Fête nationale,1
2002-08-15,Assomption,1
2002-11-01,Toussaint,1
2002-11-11,Armistice,1
2002-12-25,Noël,1
2003-01-01,Jour de l'an,1
2003-04-21,Lundi de Pâques,1
2003-05-01,Fête du Travail,1
2003-05-08,Fête de la Victoire,1
2003-05-29,Ascension,1
2003-06-09,Lundi de Pentecôte,1
2003-07-14,Fête nationale,1
2003-08-15,Assomption,1
2003-11-01,Toussaint,1
2003-11-11,Armistice,1
2003-12-25,Noël,1
2004-01-01,Jour de l'an,1
2004-04-12,Lundi de Pâques,1
2004-05-01,Fête du Travail,1
2004-05-08,Fête de la Victoire,1
2004-05-20,Ascension,1
2004-05-31,Lundi de Pentecôte,1
2004-07-14,Fête nationale,1
2004-08-15,Assomption,1
2004-11-01,Toussaint,1
2004-11-11,Armistice,1
2004-12-25,Noël,1
2005-01-01,Jour de l'an,1
2005-03-28,Lundi de Pâques,1
2005-05-01,Fête du Travail,1
2005-05-05,Ascension,1
2005-05-08,Fête de la Victoire,1
2005-07-14,Fête nationale,1
2005-08-15,Assomption,1
2005-11-01,Toussaint,1
2005-11-11,Armistice,1
2005-12-25,Noël,1
2006-01-01,Jour de l'an,1
2006-04-17,Lundi de Pâques,1
2006-05-01,Fête du Travail,1
2006-05-08,Fête de la Victoire,1
2006-05-25,Ascension,1
2006-07-14,Fête nationale,1
2006-08-15,Assomption,1
2006-11-01,Toussaint,1
2006-11-11,Armistice,1
2006-12-25,Noël,1
2007-01-01,Jour de l'an,1
2007-04-09,Lundi de Pâques,1
2007-05-01,Fête du Travail,1
2007-05-08,Fête de la Victoire,1
2007-05-17,Ascension,1
2007-07-14,Fête nationale,1
2007-08-15,Assomption,1
2007-11-01,Toussaint,1
2007-11-11,Armistice,1
2007-12-25,Noël,1
2008-01-01,Jour de l'an,1
2008-03-24,Lundi de Pâques,1
2008-05-01,Ascension; Fête du Travail,1
2008-05-08,Fête de la Victoire,1
2008-05-12,Lundi de Pentecôte,1
2008-07-14,Fête nationale,1
2008-08-15,Assomption,1
2008-11-01,Toussaint,1
2008-11-11,Armistice,1
2008-12-25,Noël,1
2009-01-01,Jour de l'an,1
2009-04-13,Lundi de Pâques,1
2009-05-01,Fête du Travail,1
2009-05-08,Fête de la Victoire,1
2009-05-21,Ascension,1
2009-06-01,Lundi de Pentecôte,1
2009-07-14,Fête nationale,1
2009-08-15,Assomption,1
2009-11-01,Toussaint,1
2009-11-11,Armistice,1
2009-12-25,Noël,1
2010-01-01,Jour de l'an,1
2010-04-05,Lundi de Pâques,1
2010-05-01,Fête du Travail,1
2010-05-08,Fête de la Victoire,1
2010-05-13,Ascension,1
2010-05-24,Lundi de Pentecôte,1
2010-07-14,Fête nationale,1
2010-08-15,Assomption,1
2010-11-01,Toussaint,1
2010-11-11,Armistice,1
2010-12-25,Noël,1
2011-01-01,Jour de l'an,1
2011-04-25,Lundi de Pâques,1
2011-05-01,Fête du Travail,1
2011-05-08,Fête de la Victoire,1
2011-06-02,Ascension,1
2011-06-13,Lundi de Pentecôte,1
2011-07-14,Fête nationale,1
2011-08-15,Assomption,1
2011-11-01,Toussaint,1
2011-11-11,Armistice,1
2011-12-25,Noël,1
2012-01-01,Jour de l'an,1
2012-04-09,Lundi de Pâques,1
2012-05-01,Fête du Travail,1
2012-05-08,Fête de la Victoire,1
2012-05-17,Ascension,1
2012-05-28,Lundi de Pentecôte,1
2012-07-14,Fête nationale,1
2012-08-15,Assomption,1
2012-11-01,Toussaint,1
2012-11-11,Armistice,1
2012-12-25,Noël,1
2013-01-01,Jour de l'an,1
2013-04-01,Lundi de Pâques,1
2013-05-01,Fête du Travail,1
2013-05-08,Fête de la Victoire,1
2013-05-09,Ascension,1
2013-05-20,Lundi de Pentecôte,1
2013-07-14,Fête nationale,1
2013-08-15,Assomption,1
2013-11-01,Toussaint,1
2013-11-11,Armistice,1
2013-12-25,Noël,1
2014-01-01,Jour de l'an,1
2014-04-21,Lundi de Pâques,1
2014-05-01,Fête du Travail,1
2014-05-08,Fête de la Victoire,1
2014-05-29,Ascension,1
2014-06-09,Lundi de Pentecôte,1
2014-07-14,Fête nationale,1
2014-08-15,Assomption,1
2014-11-01,Toussaint,1
2014-11-11,Armistice,1
2014-12-25,Noël,1
2015-01-01,Jour de l'an,1
2015-04-06,Lundi de Pâques,1
2015-05-01,Fête du Travail,1
2015-05-08,Fête de la Victoire,1
2015-05-14,Ascension,1
2015-05-25,Lundi de Pentecôte,1
2015-07-14,Fête nationale,1
2015-08-15,Assomption,1
2015-11-01,Toussaint,1
2015-11-11,Armistice,1
2015-12-25,Noël,1
2016-01-01,Jour de l'an,1
2016-03-28,Lundi de Pâques,1
2016-05-01,Fête du Travail,1
2016-05-05,Ascension,1
2016-05-08,Fête de la Victoire,1
2016-05-16,Lundi de Pentecôte,1
2016-07-14,Fête nationale,1
2016-08-15,Assomption,1
2016-11-01,Toussaint,1
2016-11-11,Armistice,1
2016-12-25,Noël,1
2017-01-01,Jour de l'an,1
2017-04-17,Lundi de Pâques,1
2017-05-01,Fête du Travail,1
2017-05-08,Fête de la Victoire,1
2017-05-25,Ascension,1
2017-06-05,Lundi de Pentecôte,1
2017-07-14,Fête nationale,1
2017-08-15,Assomption,1
2017-11-01,Toussaint,1
2017-11-11,Armistice,1
2017-12-25,Noël,1
2018-01-01,Jour de l'an,1
2018-04-02,Lundi de Pâques,1
2018-05-01,Fête du Travail,1
2018-05-08,Fête de la Victoire,1
2018-05-10,Ascension,1
2018-05-21,Lundi de Pentecôte,1
2018-07-14,Fête nationale,1
2018-08-15,Assomption,1
2018-11-01,Toussaint,1
2018-11-11,Armistice,1
2018-12-25,Noël,1
2019-01-01,Jour de l'an,1
2019-04-22,Lundi de Pâques,1
2019-05-01,Fête du Travail,1
2019-05-08,Fête de la Victoire,1
2019-05-30,Ascension,1
2019-06-10,Lundi de Pentecôte,1
2019-07-14,Fête nationale,1
2019-08-15,Assomption,1
2019-11-01,Toussaint,1
2019-11-11,Armistice,1
2019-12-25,Noël,1
2020-01-01,Jour de l'an,1
2020-04-13,Lundi de Pâques,1
2020-05-01,Fête du Travail,1
2020-05-08,Fête de la Victoire,1
2020-05-21,Ascension,1
2020-06-01,Lundi de Pentecôte,1
2020-07-14,Fête nationale,1
2020-08-15,Assomption,1
2020-11-01,Toussaint,1
2020-11-11,Armistice,1
2020-12-25,Noël,1
2021-01-01,Jour de l'an,1
2021-04-05,Lundi de Pâques,1
2021-05-01,Fête du Travail,1
2021-05-08,Fête de la Victoire,1
2021-05-13,Ascension,1
2021-05-24,Lundi de Pentecôte,1
2021-07-14,Fête nationale,1
2021-08-15,Assomption,1
2021-11-01,Toussaint,1
2021-11-11,Armistice,1
2021-12-25,Noël,1
2022-01-01,Jour de l'an,1
2022-04-18,Lundi de Pâques,1
2022-05-01,Fête du Travail,1
2022-05-08,Fête de la Victoire,1
2022-05-26,Ascension,1
2022-06-06,Lundi de Pentecôte,1
2022-07-14,Fête nationale,1
2022-08-15,Assomption,1
2022-11-01,Toussaint,1
2022-11-11,Armistice,1
2022-12-25,Noël,1
2023-01-01,Jour de l'an,1
2023-04-10,Lundi de Pâques,1
2023-05-01,Fête du Travail,1
2023-05-08,Fête de la Victoire,1
2023-05-18,Ascension,1
2023-05-29,Lundi de Pentecôte,1
2023-07-14,Fête nationale,1
2023-08-15,Assomption,1
2023-11-01,Toussaint,1
2023-11-11,Armistice,1
2023-12-25,Noël,1
2024-01-01,Jour de l'an,1
2024-04-01,Lundi de Pâques,1
2024-05-01,Fête du Travail,1
2024-05-08,Fête de la Victoire,1
2024-05-09,Ascension,1
2024-05-20,Lundi de Pentecôte,1
2024-07-14,Fête nationale,1
2024-08-15,Assomption,1
2024-11-01,Toussaint,1
2024-11-11,Armistice,1
2024-12-25,Noël,1
2025-01-01,Jour de l'an,1
2025-04-21,Lundi de Pâques,1
2025-05-01,Fête du Travail,1
2025-05-08,Fête de la Victoire,1
2025-05-29,Ascension,1
2025-06-09,Lundi de Pentecôte,1
2025-07-14,Fête nationale,1
2025-08-15,Assomption,1
2025-11-01,Toussaint,1
2025-11-11,Armistice,1
2025-12-25,Noël,1
2026-01-01,Jour de l'an,1
2026-04-06,Lundi de Pâques,1
2026-05-01,Fête du Travail,1
2026-05-08,Fête de la Victoire,1
2026-05-14,Ascension,1
2026-05-25,Lundi de Pentecôte,1
2026-07-14,Fête nationale,1
2026-08-15,Assomption,1
2026-11-01,Toussaint,1
2026-11-11,Armistice,1
2026-12-25,Noël,1
2027-01-01,Jour de l'an,1
2027-03-29,Lundi de Pâques,1
2027-05-01,Fête du Travail,1
2027-05-06,Ascension,1
2027-05-08,Fête de la Victoire,1
2027-05-17,Lundi de Pentecôte,1
2027-07-14,Fête nationale,1
2027-08-15,Assomption,1
2027-11-01,Toussaint,1
2027-11-11,Armistice,1
2027-12-25,Noël,1
2028-01-01,Jour de l'an,1
2028-04-17,Lundi de Pâques,1
2028-05-01,Fête du Travail,1
2028-05-08,Fête de la Victoire,1
2028-05-25,Ascension,1
2028-06-05,Lundi de Pentecôte,1
2028-07-14,Fête nationale,1
2028-08-15,Assomption,1
2028-11-01,Toussaint,1
2028-11-11,Armistice,1
2028-12-25,Noël,1
2029-01-01,Jour de l'an,1
2029-04-02,Lundi de Pâques,1
2029-05-01,Fête du Travail,1
2029-05-08,Fête de la Victoire,1
2029-05-10,Ascension,1
2029-05-21,Lundi de Pentecôte,1
2029-07-14,Fête nationale,1
2029-08-15,Assomption,1
2029-11-01,Toussaint,1
2029-11-11,Armistice,1
2029-12-25,Noël,1
2030-01-01,Jour de l'an,1
2030-04-22,Lundi de Pâques,1
2030-05-01,Fête du Travail,1
2030-05-08,Fête de la Victoire,1
2030-05-30,Ascension,1
2030-06-10,Lundi de Pentecôte,1
2030-07-14,Fête nationale,1
2030-08-15,Assomption,1
2030-11-01,Toussaint,1
2030-11-11,Armistice,1
2030-12-25,Noël,1
2031-01-01,Jour de l'an,1
2031-04-14,Lundi de Pâques,1
2031-05-01,Fête du Travail,1
2031-05-08,Fête de la Victoire,1
2031-05-22,Ascension,1
2031-06-02,Lundi de Pentecôte,1
2031-07-14,Fête nationale,1
2031-08-15,Assomption,1
2031-11-01,Toussaint,1
2031-11-11,Armistice,1
2031-12-25,Noël,1
2032-01-01,Jour de l'an,1
2032-03-29,Lundi de Pâques,1
2032-05-01,Fête du Travail,1
2032-05-06,Ascension,1
2032-05-08,Fête de la Victoire,1
2032-05-17,Lundi de Pentecôte,1
2032-07-14,Fête nationale,1
2032-08-15,Assomption,1
2032-11-01,Toussaint,1
2032-11-11,Armistice,1
2032-12-25,Noël,1
2033-01-01,Jour de l'an,1
2033-04-18,Lundi de Pâques,1
2033-05-01,Fête du Travail,1
2033-05-08,Fête de la Victoire,1
2033-05-26,Ascension,1
2033-06-06,Lundi de Pentecôte,1
2033-07-14,Fête nationale,1
2033-08-15,Assomption,1
2033-11-01,Toussaint,1
2033-11-11,Armistice,1
2033-12-25,Noël,1
2034-01-01,Jour de l'an,1
2034-04-10,Lundi de Pâques,1
2034-05-01,Fête du Travail,1
2034-05-08,Fête de la Victoire,1
2034-05-18,Ascension,1
2034-05-29,Lundi de Pentecôte,1
2034-07-14,Fête nationale,1
2034-08-15,Assomption,1
2034-11-01,Toussaint,1
2034-11-11,Armistice,1
2034-12-25,Noël,1
2035-01-01,Jour de l'an,1
2035-03-26,Lundi de Pâques,1
2035-05-01,Fête du Travail,1
2035-05-03,Ascension,1
2035-05-08,Fête de la Victoire,1
2035-05-14,Lundi de Pentecôte,1
2035-07-14,Fête nationale,1
2035-08-15,Assomption,1
2035-11-01,Toussaint,1
2035-11-11,Armistice,1
2035-12-25,Noël,1
2036-01-01,Jour de l'an,1
2036-04-14,Lundi de Pâques,1
2036-05-01,Fête du Travail,1
2036-05-08,Fête de la Victoire,1
2036-05-22,Ascension,1
2036-06-02,Lundi de Pentecôte,1
2036-07-14,Fête nationale,1
2036-08-15,Assomption,1
2036-11-01,Toussaint,1
2036-11-11,Armistice,1
2036-12-25,Noël,1
2037-01-01,Jour de l'an,1
2037-04-06,Lundi de Pâques,1
2037-05-01,Fête du Travail,1
2037-05-08,Fête de la Victoire,1
2037-05-14,Ascension,1
2037-05-25,Lundi de Pentecôte,1
2037-07-14,Fête nationale,1
2037-08-15,Assomption,1
2037-11-01,Toussaint,1
2037-11-11,Armistice,1
2037-12-25,Noël,1
2038-01-01,Jour de l'an,1
2038-04-26,Lundi de Pâques,1
2038-05-01,Fête du Travail,1
2038-05-08,Fête de la Victoire,1
2038-06-03,Ascension,1
2038-06-14,Lundi de Pentecôte,1
2038-07-14,Fête nationale,1
2038-08-15,Assomption,1
2038-11-01,Toussaint,1
2038-11-11,Armistice,1
2038-12-25,Noël,1
2039-01-01,Jour de l'an,1
2039-04-11,Lundi de Pâques,1
2039-05-01,Fête du Travail,1
2039-05-08,Fête de la Victoire,1
2039-05-19,Ascension,1
2039-05-30,Lundi de Pentecôte,1
2039-07-14,Fête nationale,1
2039-08-15,Assomption,1
2039-11-01,Toussaint,1
2039-11-11,Armistice,1
2039-12-25,Noël,1
2040-01-01,Jour de l'an,1
2040-04-02,Lundi de Pâques,1
2040-05-01,Fête du Travail,1
2040-05-08,Fête de la Victoire,1
2040-05-10,Ascension,1
2040-05-21,Lundi de Pentecôte,1
2040-07-14,Fête nationale,1
2040-08-15,Assomption,1
2040-11-01,Toussaint,1
2040-11-11,Armistice,1
2040-12-25,Noël,1
2041-01-01,Jour de l'an,1
2041-04-22,Lundi de Pâques,1
2041-05-01,Fête du Travail,1
2041-05-08,Fête de la Victoire,1
2041-05-30,Ascension,1
2041-06-10,Lundi de Pentecôte,1
2041-07-14,Fête nationale,1
2041-08-15,Assomption,1
2041-11-01,Toussaint,1
2041-11-11,Armistice,1
2041-12-25,Noël,1
2042-01-01,Jour de l'an,1
2042-04-07,Lundi de Pâques,1
2042-05-01,Fête du Travail,1
2042-05-08,Fête de la Victoire,1
2042-05-15,Ascension,1
2042-05-26,Lundi de Pentecôte,1
2042-07-14,Fête nationale,1
2042-08-15,Assomption,1
2042-11-01,Toussaint,1
2042-11-11,Armistice,1
2042-12-25,Noël,1
2043-01-01,Jour de l'an,1
2043-03-30,Lundi de Pâques,1
2043-05-01,Fête du Travail,1
2043-05-07,Ascension,1
2043-05-08,Fête de la Victoire,1
2043-05-18,Lundi de Pentecôte,1
2043-07-14,Fête nationale,1
2043-08-15,Assomption,1
2043-11-01,Toussaint,1
2043-11-11,Armistice,1
2043-12-25,Noël,1
2044-01-01,Jour de l'an,1
2044-04-18,Lundi de Pâques,1
2044-05-01,Fête du Travail,1
2044-05-08,Fête de la Victoire,1
2044-05-26,Ascension,1
2044-06-06,Lundi de Pentecôte,1
2044-07-14,Fête nationale,1
2044-08-15,Assomption,1
2044-11-01,Toussaint,1
2044-11-11,Armistice,1
2044-12-25,Noël,1
2045-01-01,Jour de l'an,1
2045-04-10,Lundi de Pâques,1
2045-05-01,Fête du Travail,1
2045-05-08,Fête de la Victoire,1
2045-05-18,Ascension,1
2045-05-29,Lundi de Pentecôte,1
2045-07-14,Fête nationale,1
2045-08-15,Assomption,1
2045-11-01,Toussaint,1
2045-11-11,Armistice,1
2045-12-25,Noël,1
2046-01-01,Jour de l'an,1
2046-03-26,Lundi de Pâques,1
2046-05-01,Fête du Travail,1
2046-05-03,Ascension,1
2046-05-08,Fête de la Victoire,1
2046-05-14,Lundi de Pentecôte,1
2046-07-14,Fête nationale,1
2046-08-15,Assomption,1
2046-11-01,Toussaint,1
2046-11-11,Armistice,1
2046-12-25,Noël,1
2047-01-01,Jour de l'an,1
2047-04-15,Lundi de Pâques,1
2047-05-01,Fête du Travail,1
2047-05-08,Fête de la Victoire,1
2047-05-23,Ascension,1
2047-06-03,Lundi de Pentecôte,1
2047-07-14,Fête nationale,1
2047-08-15,Assomption,1
2047-11-01,Toussaint,1
2047-11-11,Armistice,1
2047-12-25,Noël,1
2048-01-01,Jour de l'an,1
2048-04-06,Lundi de Pâques,1
2048-05-01,Fête du Travail,1
2048-05-08,Fête de la Victoire,1
2048-05-14,Ascension,1
2048-05-25,Lundi de Pentecôte,1
2048-07-14,Fête nationale,1
2048-08-15,Assomption,1
2048-11-01,Toussaint,1
2048-11-11,Armistice,1
2048-12-25,Noël,1
2049-01-01,Jour de l'an,1
2049-04-19,Lundi de Pâques,1
2049-05-01,Fête du Travail,1
2049-05-08,Fête de la Victoire,1
2049-05-27,Ascension,1
2049-06-07,Lundi de Pentecôte,1
2049-07-14,Fête nationale,1
2049-08-15,Assomption,1
2049-11-01,Toussaint,1
2049-11-11,Armistice,1
2049-12-25,Noël,1
2050-01-01,Jour de l'an,1
2050-04-11,Lundi de Pâques,1
2050-05-01,Fête du Travail,1
2050-05-08,Fête de la Victoire,1
2050-05-19,Ascension,1
2050-05-30,Lundi de Pentecôte,1
2050-07-14,Fête nationale,1
2050-08-15,Assomption,1
2050-11-01,Toussaint,1
2050-11-11,Armistice,1
2050-12-25,Noël,1
2051-01-01,Jour de l'an,1
2051-04-03,Lundi de Pâques,1
2051-05-01,Fête du Travail,1
2051-05-08,Fête de la Victoire,1
2051-05-11,Ascension,1
2051-05-22,Lundi de Pentecôte,1
2051-07-14,Fête nationale,1
2051-08-15,Assomption,1
2051-11-01,Toussaint,1
2051-11-11,Armistice,1
2051-12-25,Noël,1
2052-01-01,Jour de l'an,1
2052-04-22,Lundi de Pâques,1
2052-05-01,Fête du Travail,1
2052-05-08,Fête de la Victoire,1
2052-05-30,Ascension,1
2052-06-10,Lundi de Pentecôte,1
2052-07-14,Fête nationale,1
2052-08-15,Assomption,1
2052-11-01,Toussaint,1
2052-11-11,Armistice,1
2052-12-25,Noël,1
2053-01-01,Jour de l'an,1
2053-04-07,Lundi de Pâques,1
2053-05-01,Fête du Travail,1
2053-05-08,Fête de la Victoire,1
2053-05-15,Ascension,1
2053-05-26,Lundi de Pentecôte,1
2053-07-14,Fête nationale,1
2053-08-15,Assomption,1
2053-11-01,Toussaint,1
2053-11-11,Armistice,1
2053-12-25,Noël,1
2054-01-01,Jour de l'an,1
2054-03-30,Lundi de Pâques,1
2054-05-01,Fête du Travail,1
2054-05-07,Ascension,1
2054-05-08,Fête de la Victoire,1
2054-05-18,Lundi de Pentecôte,1
2054-07-14,Fête nationale,1
2054-08-15,Assomption,1
2054-11-01,Toussaint,1
2054-11-11,Armistice,1
2054-12-25,Noël,1
2055-01-01,Jour de l'an,1
2055-04-19,Lundi de Pâques,1
2055-05-01,Fête du Travail,1
2055-05-08,Fête de la Victoire,1
2055-05-27,Ascension,1
2055-06-07,Lundi de Pentecôte,1
2055-07-14,Fête nationale,1
2055-08-15,Assomption,1
2055-11-01,Toussaint,1
2055-11-11,Armistice,1
2055-12-25,Noël,1
2056-01-01,Jour de l'an,1
2056-04-03,Lundi de Pâques,1
2056-05-01,Fête du Travail,1
2056-05-08,Fête de la Victoire,1
2056-05-11,Ascension,1
2056-05-22,Lundi de Pentecôte,1
2056-07-14,Fête nationale,1
2056-08-15,Assomption,1
2056-11-01,Toussaint,1
2056-11-11,Armistice,1
2056-12-25,Noël,1
2057-01-01,Jour de l'an,1
2057-04-23,Lundi de Pâques,1
2057-05-01,Fête du Travail,1
2057-05-08,Fête de la Victoire,1
2057-05-31,Ascension,1
2057-06-11,Lundi de Pentecôte,1
2057-07-14,Fête nationale,1
2057-08-15,Assomption,1
2057-11-01,Toussaint,1
2057-11-11,Armistice,1
2057-12-25,Noël,1
2058-01-01,Jour de l'an,1
2058-04-15,Lundi de Pâques,1
2058-05-01,Fête du Travail,1
2058-05-08,Fête de la Victoire,1
2058-05-23,Ascension,1
2058-06-03,Lundi de Pentecôte,1
2058-07-14,Fête nationale,1
2058-08-15,Assomption,1
2058-11-01,Toussaint,1
2058-11-11,Armistice,1
2058-12-25,Noël,1
2059-01-01,Jour de l'an,1
2059-03-31,Lundi de Pâques,1
2059-05-01,Fête du Travail,1
2059-05-08,Ascension; Fête de la Victoire,1
2059-05-19,Lundi de Pentecôte,1
2059-07-14,Fête nationale,1
2059-08-15,Assomption,1
2059-11-01,Toussaint,1
2059-11-11,Armistice,1
2059-12-25,Noël,1
2060-01-01,Jour de l'an,1
2060-04-19,Lundi de Pâques,1
2060-05-01,Fête du Travail,1
2060-05-08,Fête de la Victoire,1
2060-05-27,Ascension,1
2060-06-07,Lundi de Pentecôte,1
2060-07-14,Fête nationale,1
2060-08-15,Assomption,1
2060-11-01,Toussaint,1
2060-11-11,Armistice,1
2060-12-25,Noël,1
2061-01-01,Jour de l'an,1
2061-04-11,Lundi de Pâques,1
2061-05-01,Fête du Travail,1
2061-05-08,Fête de la Victoire,1
2061-05-19,Ascension,1
2061-05-30,Lundi de Pentecôte,1
2061-07-14,Fête nationale,1
2061-08-15,Assomption,1
2061-11-01,Toussaint,1
2061-11-11,Armistice,1
2061-12-25,Noël,1
2062-01-01,Jour de l'an,1
2062-03-27,Lundi de Pâques,1
2062-05-01,Fête du Travail,1
2062-05-04,Ascension,1
2062-05-08,Fête de la Victoire,1
2062-05-15,Lundi de Pentecôte,1
2062-07-14,Fête nationale,1
2062-08-15,Assomption,1
2062-11-01,Toussaint,1
2062-11-11,Armistice,1
2062-12-25,Noël,1
2063-01-01,Jour de l'an,1
2063-04-16,Lundi de Pâques,1
2063-05-01,Fête du Travail,1
2063-05-08,Fête de la Victoire,1
2063-05-24,Ascension,1
2063-06-04,Lundi de Pentecôte,1
2063-07-14,Fête nationale,1
2063-08-15,Assomption,1
2063-11-01,Toussaint,1
2063-11-11,Armistice,1
2063-12-25,Noël,1
2064-01-01,Jour de l'an,1
2064-04-07,Lundi de Pâques,1
2064-05-01,Fête du Travail,1
2064-05-08,Fête de la Victoire,1
2064-05-15,Ascension,1
2064-05-26,Lundi de Pentecôte,1
2064-07-14,Fête nationale,1
2064-08-15,Assomption,1
2064-11-01,Toussaint,1
2064-11-11,Armistice,1
2064-12-25,Noël,1
2065-01-01,Jour de l'an,1
2065-03-30,Lundi de Pâques,1
2065-05-01,Fête du Travail,1
2065-05-07,Ascension,1
2065-05-08,Fête de la Victoire,1
2065-05-18,Lundi de Pentecôte,1
2065-07-14,Fête nationale,1
2065-08-15,Assomption,1
2065-11-01,Toussaint,1
2065-11-11,Armistice,1
2065-12-25,Noël,1
2066-01-01,Jour de l'an,1
2066-04-12,Lundi de Pâques,1
2066-05-01,Fête du Travail,1
2066-05-08,Fête de la Victoire,1
2066-05-20,Ascension,1
2066-05-31,Lundi de Pentecôte,1
2066-07-14,Fête nationale,1
2066-08-15,Assomption,1
2066-11-01,Toussaint,1
2066-11-11,Armistice,1
2066-12-25,Noël,1
2067-01-01,Jour de l'an,1
2067-04-04,Lundi de Pâques,1
2067-05-01,Fête du Travail,1
2067-05-08,Fête de la Victoire,1
2067-05-12,Ascension,1
2067-05-23,Lundi de Pentecôte,1
2067-07-14,Fête nationale,1
2067-08-15,Assomption,1
2067-11-01,Toussaint,1
2067-11-11,Armistice,1
2067-12-25,Noël,1
2068-01-01,Jour de l'an,1
2068-04-23,Lundi de Pâques,1
2068-05-01,Fête du Travail,1
2068-05-08,Fête de la Victoire,1
2068-05-31,Ascension,1
2068-06-11,Lundi de Pentecôte,1
2068-07-14,Fête nationale,1
2068-08-15,Assomption,1
2068-11-01,Toussaint,1
2068-11-11,Armistice,1
2068-12-25,Noël,1
2069-01-01,Jour de l'an,1
2069-04-15,Lundi de Pâques,1
2069-05-01,Fête du Travail,1
2069-05-08,Fête de la Victoire,1
2069-05-23,Ascension,1
2069-06-03,Lundi de Pentecôte,1
2069-07-14,Fête nationale,1
2069-08-15,Assomption,1
2069-11-01,Toussaint,1
2069-11-11,Armistice,1
2069-12-25,Noël,1
2070-01-01,Jour de l'an,1
2070-03-31,Lundi de Pâques,1
2070-05-01,Fête du Travail,1
2070-05-08,Ascension; Fête de la Victoire,1
2070-05-19,Lundi de Pentecôte,1
2070-07-14,Fête nationale,1
2070-08-15,Assomption,1
2070-11-01,Toussaint,1
2070-11-11,Armistice,1
2070-12-25,Noël,1
2071-01-01,Jour de l'an,1
2071-04-20,Lundi de Pâques,1
2071-05-01,Fête du Travail,1
2071-05-08,Fête de la Victoire,1
2071-05-28,Ascension,1
2071-06-08,Lundi de Pentecôte,1
2071-07-14,Fête nationale,1
2071-08-15,Assomption,1
2071-11-01,Toussaint,1
2071-11-11,Armistice,1
2071-12-25,Noël,1
2072-01-01,Jour de l'an,1
2072-04-11,Lundi de Pâques,1
2072-05-01,Fête du Travail,1
2072-05-08,Fête de la Victoire,1
2072-05-19,Ascension,1
2072-05-30,Lundi de Pentecôte,1
2072-07-14,Fête nationale,1
2072-08-15,Assomption,1
2072-11-01,Toussaint,1
2072-11-11,Armistice,1
2072-12-25,Noël,1
2073-01-01,Jour de l'an,1
2073-03-27,Lundi de Pâques,1
2073-05-01,Fête du Travail,1
2073-05-04,Ascension,1
2073-05-08,Fête de la Victoire,1
2073-05-15,Lundi de Pentecôte,1
2073-07-14,Fête nationale,1
2073-08-15,Assomption,1
2073-11-01,Toussaint,1
2073-11-11,Armistice,1
2073-12-25,Noël,1
2074-01-01,Jour de l'an,1
2074-04-16,Lundi de Pâques,1
2074-05-01,Fête du Travail,1
2074-05-08,Fête de la Victoire,1
2074-05-24,Ascension,1
2074-06-04,Lundi de Pentecôte,1
2074-07-14,Fête nationale,1
2074-08-15,Assomption,1
2074-11-01,Toussaint,1
2074-11-11,Armistice,1
2074-12-25,Noël,1
2075-01-01,Jour de l'an,1
2075-04-08,Lundi de Pâques,1
2075-05-01,Fête du Travail,1
2075-05-08,Fête de la Victoire,1
2075-05-16,Ascension,1
2075-05-27,Lundi de Pentecôte,1
2075-07-14,Fête nationale,1
2075-08-15,Assomption,1
2075-11-01,Toussaint,1
2075-11-11,Armistice,1
2075-12-25,Noël,1
2076-01-01,Jour de l'an,1
2076-04-20,Lundi de Pâques,1
2076-05-01,Fête du Travail,1
2076-05-08,Fête de la Victoire,1
2076-05-28,Ascension,1
2076-06-08,Lundi de Pentecôte,1
2076-07-14,Fête nationale,1
2076-08-15,Assomption,1
2076-11-01,Toussaint,1
2076-11-11,Armistice,1
2076-12-25,Noël,1
2077-01-01,Jour de l'an,1
2077-04-12,Lundi de Pâques,1
2077-05-01,Fête du Travail,1
2077-05-08,Fête de la Victoire,1
2077-05-20,Ascension,1
2077-05-31,Lundi de Pentecôte,1
2077-07-14,Fête nationale,1
2077-08-15,Assomption,1
2077-11-01,Toussaint,1
2077-11-11,Armistice,1
2077-12-25,Noël,1
2078-01-01,Jour de l'an,1
2078-04-04,Lundi de Pâques,1
2078-05-01,Fête du Travail,1
2078-05-08,Fête de la Victoire,1
2078-05-12,Ascension,1
2078-05-23,Lundi de Pentecôte,1
2078-07-14,Fête nationale,1
2078-08-15,Assomption,1
2078-11-01,Toussaint,1
2078-11-11,Armistice,1
2078-12-25,Noël,1
2079-01-01,Jour de l'an,1
2079-04-24,Lundi de Pâques,1
2079-05-01,Fête du Travail,1
2079-05-08,Fête de la Victoire,1
2079-06-01,Ascension,1
2079-06-12,Lundi de Pentecôte,1
2079-07-14,Fête nationale,1
2079-08-15,Assomption,1
2079-11-01,Toussaint,1
2079-11-11,Armistice,1
2079-12-25,Noël,1
2080-01-01,Jour de l'an,1
2080-04-08,Lundi de Pâques,1
2080-05-01,Fête du Travail,1
2080-05-08,Fête de la Victoire,1
2080-05-16,Ascension,1
2080-05-27,Lundi de Pentecôte,1
2080-07-14,Fête nationale,1
2080-08-15,Assomption,1
2080-11-01,Toussaint,1
2080-11-11,Armistice,1
2080-12-25,Noël,1
2081-01-01,Jour de l'an,1
2081-03-31,Lundi de Pâques,1
2081-05-01,Fête du Travail,1
2081-05-08,Ascension; Fête de la Victoire,1
2081-05-19,Lundi de Pentecôte,1
2081-07-14,Fête nationale,1
2081-08-15,Assomption,1
2081-11-01,Toussaint,1
2081-11-11,Armistice,1
2081-12-25,Noël,1
2082-01-01,Jour de l'an,1
2082-04-20,Lundi de Pâques,1
2082-05-01,Fête du Travail,1
2082-05-08,Fête de la Victoire,1
2082-05-28,Ascension,1
2082-06-08,Lundi de Pentecôte,1
2082-07-14,Fête nationale,1
2082-08-15,Assomption,1
2082-11-01,Toussaint,1
2082-11-11,Armistice,1
2082-12-25,Noël,1
2083-01-01,Jour de l'an,1
2083-04-05,Lundi de Pâques,1
2083-05-01,Fête du Travail,1
2083-05-08,Fête de la Victoire,1
2083-05-13,Ascension,1
2083-05-24,Lundi de Pentecôte,1
2083-07-14,Fête nationale,1
2083-08-15,Assomption,1
2083-11-01,Toussaint,1
2083-11-11,Armistice,1
2083-12-25,Noël,1
2084-01-01,Jour de l'an,1
2084-03-27,Lundi de Pâques,1
2084-05-01,Fête du Travail,1
2084-05-04,Ascension,1
2084-05-08,Fête de la Victoire,1
2084-05-15,Lundi de Pentecôte,1
2084-07-14,Fête nationale,1
2084-08-15,Assomption,1
2084-11-01,Toussaint,1
2084-11-11,Armistice,1
2084-12-25,Noël,1
2085-01-01,Jour de l'an,1
2085-04-16,Lundi de Pâques,1
2085-05-01,Fête du Travail,1
2085-05-08,Fête de la Victoire,1
2085-05-24,Ascension,1
2085-06-04,Lundi de Pentecôte,1
2085-07-14,Fête nationale,1
2085-08-15,Assomption,1
2085-11-01,Toussaint,1
2085-11-11,Armistice,1
2085-12-25,Noël,1
2086-01-01,Jour de l'an,1
2086-04-01,Lundi de Pâques,1
2086-05-01,Fête du Travail,1
2086-05-08,Fête de la Victoire,1
2086-05-09,Ascension,1
2086-05-20,Lundi de Pentecôte,1
2086-07-14,Fête nationale,1
2086-08-15,Assomption,1
2086-11-01,Toussaint,1
2086-11-11,Armistice,1
2086-12-25,Noël,1
2087-01-01,Jour de l'an,1
2087-04-21,Lundi de Pâques,1
2087-05-01,Fête du Travail,1
2087-05-08,Fête de la Victoire,1
2087-05-29,Ascension,1
2087-06-09,Lundi de Pentecôte,1
2087-07-14,Fête nationale,1
2087-08-15,Assomption,1
2087-11-01,Toussaint,1
2087-11-11,Armistice,1
2087-12-25,Noël,1
2088-01-01,Jour de l'an,1
2088-04-12,Lundi de Pâques,1
2088-05-01,Fête du Travail,1
2088-05-08,Fête de la Victoire,1
2088-05-20,Ascension,1
2088-05-31,Lundi de Pentecôte,1
2088-07-14,Fête nationale,1
2088-08-15,Assomption,1
2088-11-01,Toussaint,1
2088-11-11,Armistice,1
2088-12-25,Noël,1
2089-01-01,Jour de l'an,1
2089-04-04,Lundi de Pâques,1
2089-05-01,Fête du Travail,1
2089-05-08,Fête de la Victoire,1
2089-05-12,Ascension,1
2089-05-23,Lundi de Pentecôte,1
2089-07-14,Fête nationale,1
2089-08-15,Assomption,1
2089-11-01,Toussaint,1
2089-11-11,Armistice,1
2089-12-25,Noël,1
2090-01-01,Jour de l'an,1
2090-04-17,Lundi de Pâques,1
2090-05-01,Fête du Travail,1
2090-05-08,Fête de la Victoire,1
2090-05-25,Ascension,1
2090-06-05,Lundi de Pentecôte,1
2090-07-14,Fête nationale,1
2090-08-15,Assomption,1
2090-11-01,Toussaint,1
2090-11-11,Armistice,1
2090-12-25,Noël,1
2091-01-01,Jour de l'an,1
2091-04-09,Lundi de Pâques,1
2091-05-01,Fête du Travail,1
2091-05-08,Fête de la Victoire,1
2091-05-17,Ascension,1
2091-05-28,Lundi de Pentecôte,1
2091-07-14,Fête nationale,1
2091-08-15,Assomption,1
2091-11-01,Toussaint,1
2091-11-11,Armistice,1
2091-12-25,Noël,1
2092-01-01,Jour de l'an,1
2092-03-31,Lundi de Pâques,1
2092-05-01,Fête du Travail,1
2092-05-08,Ascension; Fête de la Victoire,1
2092-05-19,Lundi de Pentecôte,1
2092-07-14,Fête nationale,1
2092-08-15,Assomption,1
2092-11-01,Toussaint,1
2092-11-11,Armistice,1
2092-12-25,Noël,1
2093-01-01,Jour de l'an,1
2093-04-13,Lundi de Pâques,1
2093-05-01,Fête du Travail,1
2093-05-08,Fête de la Victoire,1
2093-05-21,Ascension,1
2093-06-01,Lundi de Pentecôte,1
2093-07-14,Fête nationale,1
2093-08-15,Assomption,1
2093-11-01,Toussaint,1
2093-11-11,Armistice,1
2093-12-25,Noël,1
2094-01-01,Jour de l'an,1
2094-04-05,Lundi de Pâques,1
2094-05-01,Fête du Travail,1
2094-05-08,Fête de la Victoire,1
2094-05-13,Ascension,1
2094-05-24,Lundi de Pentecôte,1
2094-07-14,Fête nationale,1
2094-08-15,Assomption,1
2094-11-01,Toussaint,1
2094-11-11,Armistice,1
2094-12-25,Noël,1
2095-01-01,Jour de l'an,1
2095-04-25,Lundi de Pâques,1
2095-05-01,Fête du Travail,1
2095-05-08,Fête de la Victoire,1
2095-06-02,Ascension,1
2095-06-13,Lundi de Pentecôte,1
2095-07-14,Fête nationale,1
2095-08-15,Assomption,1
2095-11-01,Toussaint,1
2095-11-11,Armistice,1
2095-12-25,Noël,1
2096-01-01,Jour de l'an,1
2096-04-16,Lundi de Pâques,1
2096-05-01,Fête du Travail,1
2096-05-08,Fête de la Victoire,1
2096-05-24,Ascension,1
2096-06-04,Lundi de Pentecôte,1
2096-07-14,Fête nationale,1
2096-08-15,Assomption,1
2096-11-01,Toussaint,1
2096-11-11,Armistice,1
2096-12-25,Noël,1
2097-01-01,Jour de l'an,1
2097-04-01,Lundi de Pâques,1
2097-05-01,Fête du Travail,1
2097-05-08,Fête de la Victoire,1
2097-05-09,Ascension,1
2097-05-20,Lundi de Pentecôte,1
2097-07-14,Fête nationale,1
2097-08-15,Assomption,1
2097-11-01,Toussaint,1
2097-11-11,Armistice,1
2097-12-25,Noël,1
2098-01-01,Jour de l'an,1
2098-04-21,Lundi de Pâques,1
2098-05-01,Fête du Travail,1
2098-05-08,Fête de la Victoire,1
2098-05-29,Ascension,1
2098-06-09,Lundi de Pentecôte,1
2098-07-14,Fête nationale,1
2098-08-15,Assomption,1
2098-11-01,Toussaint,1
2098-11-11,Armistice,1
2098-12-25,Noël,1
2099-01-01,Jour de l'an,1
2099-04-13,Lundi de Pâques,1
2099-05-01,Fête du Travail,1
2099-05-08,Fête de la Victoire,1
2099-05-21,Ascension,1
2099-06-01,Lundi de Pentecôte,1
2099-07-14,Fête nationale,1
2099-08-15,Assomption,1
2099-11-01,Toussaint,1
2099-11-11,Armistice,1
2099-12-25,Noël,1
2100-01-01,Jour de l'an,1
2100-03-29,Lundi de Pâques,1
2100-05-01,Fête du Travail,1
2100-05-06,Ascension,1
2100-05-08,Fête de la Victoire,1
2100-05-17,Lundi de Pentecôte,1
2100-07-14,Fête nationale,1
2100-08-15,Assomption,1
2100-11-01,Toussaint,1
2100-11-11,Armistice,1
2100-12-25,Noël,1
